[{"title": "IT Service Intelligence Starter Pack - Example Service Template", "description": "An example Service Template that uses all of Splunk's best practice recommendations for service templates for you to reference and learn from", "tags": [], "kpis": [{"title": "Example Base Search KPI", "_key": "a6bccf5c-80e0-4e01-8aac-22cdc9720d7b", "aggregate_thresholds": {"thresholdLevels": [], "baseSeverityLabel": "normal", "baseSeverityValue": 2, "baseSeverityColor": "#99D18B", "baseSeverityColorLight": "#DCEFD7", "metricField": "count", "renderBoundaryMin": 0, "renderBoundaryMax": 19040.1, "isMaxStatic": false, "isMinStatic": true, "gaugeMin": 0, "gaugeMax": 100}, "entity_thresholds": {"thresholdLevels": [], "baseSeverityLabel": "normal", "baseSeverityValue": 2, "baseSeverityColor": "#99D18B", "baseSeverityColorLight": "#DCEFD7", "metricField": "count", "renderBoundaryMin": 0, "renderBoundaryMax": 1957.3, "isMaxStatic": false, "isMinStatic": true, "gaugeMin": 0, "gaugeMax": 100}, "time_variate_thresholds_specification": {"policies": {"default_policy": {"title": "Default", "aggregate_thresholds": {"baseSeverityLabel": "normal", "baseSeverityValue": 2, "baseSeverityColor": "#99D18B", "baseSeverityColorLight": "#DCEFD7", "metricField": "count", "renderBoundaryMin": 0, "renderBoundaryMax": 100, "isMaxStatic": false, "isMinStatic": true, "gaugeMin": 0, "gaugeMax": 100, "thresholdLevels": []}, "entity_thresholds": {"baseSeverityLabel": "normal", "baseSeverityValue": 2, "baseSeverityColor": "#99D18B", "baseSeverityColorLight": "#DCEFD7", "metricField": "count", "renderBoundaryMin": 0, "renderBoundaryMax": 100, "isMaxStatic": false, "isMinStatic": true, "gaugeMin": 0, "gaugeMax": 100, "thresholdLevels": []}, "policy_type": "static", "time_blocks": []}}}, "description": "", "entity_id_fields": "host", "entity_breakdown_id_fields": "host", "search_type": "shared_base", "is_entity_breakdown": true, "is_service_entity_filter": true, "aggregate_thresholds_alert_enabled": false, "aggregate_thresholds_custom_alert_enabled": false, "aggregate_thresholds_custom_alert_rules": [], "threshold_field": "host", "gap_severity": "unknown", "gap_severity_color": "#CCCCCC", "gap_severity_color_light": "#EEEEEE", "gap_severity_value": "-1", "fill_gaps": "custom_value", "gap_custom_alert_value": 0, "metric": {"metric_index": "", "metric_name": ""}, "alert_on": "both", "alert_period": 5, "alert_lag": "30", "aggregate_statop": "sum", "entity_statop": "count", "base_search": "| `itsi_starter_pack_get_example_entity_data`", "urgency": "5", "search_buckets": "", "search_occurrences": 1, "search_alert_earliest": "5", "source": "", "target": "", "_owner": "nobody", "unit": "", "kpi_threshold_template_id": "", "base_search_id": "6115842ceecb06d01d20af82", "base_search_metric": "88241c3b7559bfe863330bdc", "tz_offset": null, "time_variate_thresholds": false, "adaptive_thresholds_is_enabled": false, "adaptive_thresholding_training_window": "-7d", "service_title": "Best Practice Service Template", "metric_qualifier": "", "threshold_eval": "", "aggregate_eval": "", "alert_eval": "", "sec_grp": "default_itsi_security_group"}], "entity_rules": [{"rule_condition": "AND", "rule_items": [{"field": "region", "field_type": "info", "value": "", "rule_type": "matchesblank"}]}], "_owner": "nobody", "linked_services": [], "service_id": "", "template_tags": [], "sync_status": "synced", "last_sync_error": "", "sec_grp": "default_itsi_security_group", "mod_source": "unknown", "object_type": "base_service_template", "mod_timestamp": "2021-08-13T16:44:52.477725+00:00", "_version": "4.9.0", "identifying_name": "it service intelligence starter pack - example service template", "total_linked_services": 0, "cloneChangedSinceLastSave": true, "isFirstTimeSaveDone": true, "_immutable": 0, "_is_from_conf": 0, "permissions": {"user": "nobody", "group": {"read": true, "write": true, "delete": true}, "read": true, "write": true, "delete": true}, "_user": "nobody", "_key": "44c02aae-84f6-4445-9a75-790ed5923d47"}]